OBJECTID,UCS_F,UCS_TIPO,DEPTO,NUM_SUELOS,NIVEL_TAXO,RAO,NUCLEO
1,LVAb,Asociacion,Caqueta,4,4,0.5,Nucleo 2
2,VVDb,Asociacion,Caqueta,4,4,0.55,Nucleo 2
4,MVEa,Asociacion,Caqueta,3,4,0.53,Nucleo 2
5,MVEb,Asociacion,Caqueta,3,4,0.53,Nucleo 2
6,PVBb,Asociacion,Caqueta,4,4,0.41,Nucleo 2
7,LVAd2,Asociacion,Caqueta,4,4,0.5,Nucleo 2
8,LVAd2,Asociacion,Caqueta,4,4,0.5,Nucleo 2
9,MUAf,Asociacion,Caqueta,2,4,0.48,Nucleo 2
10,MUCai,Asociacion,Caqueta,2,4,0.36,Nucleo 2
11,VVCa,Asociacion,Caqueta,3,4,0.28,Nucleo 2
12,VVDa,Asociacion,Caqueta,4,4,0.55,Nucleo 2
14,VVDb,Asociacion,Caqueta,4,4,0.55,Nucleo 2
15,VVDa,Asociacion,Caqueta,4,4,0.55,Nucleo 2
16,LVEai,Asociacion,Caqueta,3,4,0.54,Nucleo 2
17,LVAd2,Asociacion,Caqueta,4,4,0.5,Nucleo 2
18,LVEai,Asociacion,Caqueta,3,4,0.54,Nucleo 2
19,LVEai,Asociacion,Caqueta,3,4,0.54,Nucleo 2
26,LVAe,Asociacion,Caqueta,4,4,0.5,Nucleo 2
31,LVAb,Asociacion,Caqueta,4,4,0.5,Nucleo 2
32,LVAb,Asociacion,Caqueta,4,4,0.5,Nucleo 2
33,MUAg,Asociacion,Caqueta,2,4,0.48,Nucleo 2
34,LVCb,Asociacion,Caqueta,3,4,0.66,Nucleo 2
34,LVCb,Asociacion,Caqueta,3,4,0.66,Nucleo 2
34,LVCb,Asociacion,Caqueta,3,4,0.66,Nucleo 2
35,MUBg,Asociacion,Caqueta,3,4,0.58,Nucleo 2
36,MVDc,Asociacion,Caqueta,4,4,0.6,Nucleo 2
37,PVAa,Asociacion,Caqueta,3,4,0.66,Nucleo 2
38,LVCc,Asociacion,Caqueta,3,4,0.66,Nucleo 2
39,LVCb,Asociacion,Caqueta,3,4,0.66,Nucleo 2
40,LVAc,Asociacion,Caqueta,4,4,0.5,Nucleo 2
41,LVAc,Asociacion,Caqueta,4,4,0.5,Nucleo 2
42,MUBg,Asociacion,Caqueta,3,4,0.58,Nucleo 2
43,MUAf,Asociacion,Caqueta,2,4,0.48,Nucleo 2
44,LVCa,Asociacion,Caqueta,3,4,0.66,Nucleo 2
46,LVEai,Asociacion,Caqueta,3,4,0.54,Nucleo 2
48,MUAf,Asociacion,Caqueta,2,4,0.48,Nucleo 2
49,MUAe,Asociacion,Caqueta,2,4,0.48,Nucleo 2
50,LVEai,Asociacion,Caqueta,3,4,0.54,Nucleo 2
51,MUCb,Asociacion,Caqueta,2,4,0.36,Nucleo 2
52,PUAa,Asociacion,Caqueta,2,4,0.5,Nucleo 2
53,MUAf,Asociacion,Caqueta,2,4,0.48,Nucleo 2
54,LVAd2,Asociacion,Caqueta,4,4,0.5,Nucleo 2
55,LVAc,Asociacion,Caqueta,4,4,0.5,Nucleo 2
56,MUAe,Asociacion,Caqueta,2,4,0.48,Nucleo 2
57,LVAd2,Asociacion,Caqueta,4,4,0.5,Nucleo 2
58,LVAb,Asociacion,Caqueta,4,4,0.5,Nucleo 2
59,VVCa,Asociacion,Caqueta,3,4,0.28,Nucleo 2
60,MKAg,Asociacion,Caqueta,3,4,0.54,Nucleo 2
61,MPAg,Asociacion,Caqueta,3,4,0.48,Nucleo 2
62,MPAf,Asociacion,Caqueta,3,4,0.48,Nucleo 2
64,MUCai,Asociacion,Caqueta,2,4,0.36,Nucleo 2
65,MUAf2,Asociacion,Caqueta,2,4,0.48,Nucleo 2
66,MUAf2,Asociacion,Caqueta,2,4,0.48,Nucleo 2
67,VUCb,Asociacion,Caqueta,2,4,0.48,Nucleo 2
68,PUBa,Asociacion,Caqueta,2,4,0.5,Nucleo 2
69,VUBa,Asociacion,Caqueta,3,4,0.66,Nucleo 2
70,LUBai,Asociacion,Caqueta,3,4,0.615,Nucleo 2
72,LUAc,Asociacion,Caqueta,3,4,0.54,Nucleo 2
73,LVAb,Asociacion,Caqueta,4,4,0.5,Nucleo 2
74,LVCb,Asociacion,Caqueta,3,4,0.66,Nucleo 2
75,LVEai,Asociacion,Caqueta,3,4,0.54,Nucleo 2
76,LVEai,Asociacion,Caqueta,3,4,0.54,Nucleo 2
77,LVCa,Asociacion,Caqueta,3,4,0.66,Nucleo 2
78,LVCa,Asociacion,Caqueta,3,4,0.66,Nucleo 2
79,VVDa,Asociacion,Caqueta,4,4,0.55,Nucleo 2
80,VVDa,Asociacion,Caqueta,4,4,0.55,Nucleo 2
81,LVCb,Asociacion,Caqueta,3,4,0.66,Nucleo 2
81,LVCb,Asociacion,Caqueta,3,4,0.66,Nucleo 2
83,LVDc,Asociacion,Caqueta,2,4,0.48,Nucleo 2
84,VVBai,Asociacion,Caqueta,2,4,0.24,Nucleo 2
85,VVBai,Asociacion,Caqueta,2,4,0.24,Nucleo 2
86,LVAe2,Asociacion,Caqueta,4,4,0.5,Nucleo 2
90,LVEai,Asociacion,Caqueta,3,4,0.54,Nucleo 2
91,MUBe,Asociacion,Caqueta,3,4,0.58,Nucleo 2
92,LVAe2,Asociacion,Caqueta,4,4,0.5,Nucleo 2
93,MUBf2,Asociacion,Caqueta,3,4,0.58,Nucleo 2
94,VVDb,Asociacion,Caqueta,4,4,0.55,Nucleo 2
96,MUAe,Asociacion,Caqueta,2,4,0.48,Nucleo 2
97,LVAd2,Asociacion,Caqueta,4,4,0.5,Nucleo 2
98,MUAe,Asociacion,Caqueta,2,4,0.48,Nucleo 2
99,MUAf,Asociacion,Caqueta,2,4,0.48,Nucleo 2
100,MUAf,Asociacion,Caqueta,2,4,0.48,Nucleo 2
101,LVAb,Asociacion,Caqueta,4,4,0.5,Nucleo 2
102,MUAf,Asociacion,Caqueta,2,4,0.48,Nucleo 2
103,MUAf,Asociacion,Caqueta,2,4,0.48,Nucleo 2
104,MUAe,Asociacion,Caqueta,2,4,0.48,Nucleo 2
104,MUAe,Asociacion,Caqueta,2,4,0.48,Nucleo 2
105,MVCg,Asociacion,Caqueta,3,4,0.47,Nucleo 2
106,MUAd,Asociacion,Caqueta,2,4,0.48,Nucleo 2
107,LVAd2,Asociacion,Caqueta,4,4,0.5,Nucleo 2
108,PVAb,Asociacion,Caqueta,3,4,0.66,Nucleo 2
110,PVAc,Asociacion,Caqueta,3,4,0.66,Nucleo 2
111,MUAg,Asociacion,Caqueta,2,4,0.48,Nucleo 2
112,LVAc,Asociacion,Caqueta,4,4,0.5,Nucleo 2
113,LVAe2,Asociacion,Caqueta,4,4,0.5,Nucleo 2
114,VVDa,Asociacion,Caqueta,4,4,0.55,Nucleo 2
115,VVDa,Asociacion,Caqueta,4,4,0.55,Nucleo 2
116,VVCa,Asociacion,Caqueta,3,4,0.28,Nucleo 2
117,PVAa,Asociacion,Caqueta,3,4,0.66,Nucleo 2
118,LVEai,Asociacion,Caqueta,3,4,0.54,Nucleo 2
119,LVDb,Asociacion,Caqueta,2,4,0.48,Nucleo 2
120,VVCa,Asociacion,Caqueta,3,4,0.28,Nucleo 2
121,LVCa,Asociacion,Caqueta,3,4,0.66,Nucleo 2
122,LVEai,Asociacion,Caqueta,3,4,0.54,Nucleo 2
123,LVCa,Asociacion,Caqueta,3,4,0.66,Nucleo 2
124,VVCa,Asociacion,Caqueta,3,4,0.28,Nucleo 2
125,VVCa,Asociacion,Caqueta,3,4,0.28,Nucleo 2
126,VVCa,Asociacion,Caqueta,3,4,0.28,Nucleo 2
127,VVCa,Asociacion,Caqueta,3,4,0.28,Nucleo 2
128,VVCa,Asociacion,Caqueta,3,4,0.28,Nucleo 2
129,VVCa,Asociacion,Caqueta,3,4,0.28,Nucleo 2
130,LVEai,Asociacion,Caqueta,3,4,0.54,Nucleo 2
131,LVEai,Asociacion,Caqueta,3,4,0.54,Nucleo 2
133,VVBai,Asociacion,Caqueta,2,4,0.24,Nucleo 2
134,MVDf,Asociacion,Caqueta,4,4,0.6,Nucleo 2
135,LVEai,Asociacion,Caqueta,3,4,0.54,Nucleo 2
136,VVBai,Asociacion,Caqueta,2,4,0.24,Nucleo 2
137,LVEai,Asociacion,Caqueta,3,4,0.54,Nucleo 2
138,VUAai,Asociacion,Caqueta,3,4,0.46,Nucleo 2
140,MPAf,Asociacion,Caqueta,3,4,0.48,Nucleo 2
141,MPAg,Asociacion,Caqueta,3,4,0.48,Nucleo 2
142,MVAd,Asociacion,Caqueta,3,4,0.28,Nucleo 2
143,MVAc,Asociacion,Caqueta,3,4,0.28,Nucleo 2
144,MPAg,Asociacion,Caqueta,3,4,0.48,Nucleo 2
145,MPAe,Asociacion,Caqueta,3,4,0.48,Nucleo 2
146,MPAf,Asociacion,Caqueta,3,4,0.48,Nucleo 2
147,MPAe,Asociacion,Caqueta,3,4,0.48,Nucleo 2
148,MPAg,Asociacion,Caqueta,3,4,0.48,Nucleo 2
149,MPAf,Asociacion,Caqueta,3,4,0.48,Nucleo 2
150,LVCb,Asociacion,Caqueta,3,4,0.66,Nucleo 2
151,LVAb,Asociacion,Caqueta,4,4,0.5,Nucleo 2
152,LVAb,Asociacion,Caqueta,4,4,0.5,Nucleo 2
153,MPAg,Asociacion,Caqueta,3,4,0.48,Nucleo 2
154,MVCf,Asociacion,Caqueta,3,4,0.47,Nucleo 2
155,MVEb,Asociacion,Caqueta,3,4,0.53,Nucleo 2
156,MPAd,Asociacion,Caqueta,3,4,0.48,Nucleo 2
158,VVDa,Asociacion,Caqueta,4,4,0.55,Nucleo 2
159,VVCa,Asociacion,Caqueta,3,4,0.28,Nucleo 2
160,MVBd,Asociacion,Caqueta,3,4,0.64,Nucleo 2
161,MVEa,Asociacion,Caqueta,3,4,0.53,Nucleo 2
162,PVBa,Asociacion,Caqueta,4,4,0.41,Nucleo 2
163,PVAc,Asociacion,Caqueta,3,4,0.66,Nucleo 2
164,VUCa,Asociacion,Caqueta,2,4,0.48,Nucleo 2
165,PUCa,Asociacion,Caqueta,2,4,0.25,Nucleo 2
166,LVCa,Asociacion,Caqueta,3,4,0.66,Nucleo 2
167,LVCa,Asociacion,Caqueta,3,4,0.66,Nucleo 2
168,LVEai,Asociacion,Caqueta,3,4,0.54,Nucleo 2
174,LVEai,Asociacion,Caqueta,3,4,0.54,Nucleo 2
175,LVCb,Asociacion,Caqueta,3,4,0.66,Nucleo 2
176,LVDe,Asociacion,Caqueta,2,4,0.48,Nucleo 2
178,LVDb,Asociacion,Caqueta,2,4,0.48,Nucleo 2
179,VVDa,Asociacion,Caqueta,4,4,0.55,Nucleo 2
182,VVBai,Asociacion,Caqueta,2,4,0.24,Nucleo 2
183,LVCa,Asociacion,Caqueta,3,4,0.66,Nucleo 2
184,LVEai,Asociacion,Caqueta,3,4,0.54,Nucleo 2
185,LVEai,Asociacion,Caqueta,3,4,0.54,Nucleo 2
186,MVEa,Asociacion,Caqueta,3,4,0.53,Nucleo 2
188,LVEai,Asociacion,Caqueta,3,4,0.54,Nucleo 2
189,LVEai,Asociacion,Caqueta,3,4,0.54,Nucleo 2
190,LVAc,Asociacion,Caqueta,4,4,0.5,Nucleo 2
191,LVAb,Asociacion,Caqueta,4,4,0.5,Nucleo 2
192,LVAc,Asociacion,Caqueta,4,4,0.5,Nucleo 2
192,LVAc,Asociacion,Caqueta,4,4,0.5,Nucleo 2
193,LVAb,Asociacion,Caqueta,4,4,0.5,Nucleo 2
194,LVAb,Asociacion,Caqueta,4,4,0.5,Nucleo 2
195,LVEai,Asociacion,Caqueta,3,4,0.54,Nucleo 2
198,LVCb,Asociacion,Caqueta,3,4,0.66,Nucleo 2
198,LVCb,Asociacion,Caqueta,3,4,0.66,Nucleo 2
198,LVCb,Asociacion,Caqueta,3,4,0.66,Nucleo 2
199,LVCc2,Asociacion,Caqueta,3,4,0.66,Nucleo 2
200,LVAb,Asociacion,Caqueta,4,4,0.5,Nucleo 2
201,LVAd2,Asociacion,Caqueta,4,4,0.5,Nucleo 2
202,VVDb,Asociacion,Caqueta,4,4,0.55,Nucleo 2
203,MVCd,Asociacion,Caqueta,3,4,0.47,Nucleo 2
203,MVCd,Asociacion,Caqueta,3,4,0.47,Nucleo 2
204,VVDa,Asociacion,Caqueta,4,4,0.55,Nucleo 2
228,LVEai,Asociacion,Caqueta,3,4,0.54,Nucleo 2
230,LVDb,Asociacion,Caqueta,2,4,0.48,Nucleo 2
231,MVAe,Asociacion,Caqueta,3,4,0.28,Nucleo 2
232,MVAe,Asociacion,Caqueta,3,4,0.28,Nucleo 2
233,MVAf,Asociacion,Caqueta,3,4,0.28,Nucleo 2
236,LVCb,Asociacion,Caqueta,3,4,0.66,Nucleo 2
239,VVDb,Asociacion,Caqueta,4,4,0.55,Nucleo 2
240,LVAc,Asociacion,Caqueta,4,4,0.5,Nucleo 2
241,LVAc,Asociacion,Caqueta,4,4,0.5,Nucleo 2
242,LVAc,Asociacion,Caqueta,4,4,0.5,Nucleo 2
243,LVAc,Asociacion,Caqueta,4,4,0.5,Nucleo 2
244,LVAc,Asociacion,Caqueta,4,4,0.5,Nucleo 2
245,LVAd2,Asociacion,Caqueta,4,4,0.5,Nucleo 2
246,LVCc,Asociacion,Caqueta,3,4,0.66,Nucleo 2
247,LVAb,Asociacion,Caqueta,4,4,0.5,Nucleo 2
248,LVAc,Asociacion,Caqueta,4,4,0.5,Nucleo 2
249,LVAd2,Asociacion,Caqueta,4,4,0.5,Nucleo 2
253,VVDa,Asociacion,Caqueta,4,4,0.55,Nucleo 2
254,LVEai,Asociacion,Caqueta,3,4,0.54,Nucleo 2
255,PVBa,Asociacion,Caqueta,4,4,0.41,Nucleo 2
255,PVBa,Asociacion,Caqueta,4,4,0.41,Nucleo 2
255,PVBa,Asociacion,Caqueta,4,4,0.41,Nucleo 2
255,PVBa,Asociacion,Caqueta,4,4,0.41,Nucleo 2
256,LVEai,Asociacion,Caqueta,3,4,0.54,Nucleo 2
257,LVAd2,Asociacion,Caqueta,4,4,0.5,Nucleo 2
259,PVEai,Asociacion,Caqueta,3,4,0.6,Nucleo 2
260,LVAd2,Asociacion,Caqueta,4,4,0.5,Nucleo 2
261,LVEai,Asociacion,Caqueta,3,4,0.54,Nucleo 2
262,MVCf2,Asociacion,Caqueta,3,4,0.47,Nucleo 2
263,MVDd,Asociacion,Caqueta,4,4,0.6,Nucleo 2
264,MVAd,Asociacion,Caqueta,3,4,0.28,Nucleo 2
265,MVAd,Asociacion,Caqueta,3,4,0.28,Nucleo 2
266,MVAd,Asociacion,Caqueta,3,4,0.28,Nucleo 2
267,LVAb,Asociacion,Caqueta,4,4,0.5,Nucleo 2
268,MVAf,Asociacion,Caqueta,3,4,0.28,Nucleo 2
269,LVAd2,Asociacion,Caqueta,4,4,0.5,Nucleo 2
270,LVAc,Asociacion,Caqueta,4,4,0.5,Nucleo 2
272,LVAc,Asociacion,Caqueta,4,4,0.5,Nucleo 2
273,PVEai,Asociacion,Caqueta,3,4,0.6,Nucleo 2
274,PVCa,Asociacion,Caqueta,2,4,0.36,Nucleo 2
275,VVCa,Asociacion,Caqueta,3,4,0.28,Nucleo 2
276,LVCb,Asociacion,Caqueta,3,4,0.66,Nucleo 2
276,LVCb,Asociacion,Caqueta,3,4,0.66,Nucleo 2
281,VVCa,Asociacion,Caqueta,3,4,0.28,Nucleo 2
282,VVCa,Asociacion,Caqueta,3,4,0.28,Nucleo 2
283,LVAc,Asociacion,Caqueta,4,4,0.5,Nucleo 2
284,LVAc,Asociacion,Caqueta,4,4,0.5,Nucleo 2
285,LVAb,Asociacion,Caqueta,4,4,0.5,Nucleo 2
286,LVEai,Asociacion,Caqueta,3,4,0.54,Nucleo 2
287,LVCb,Asociacion,Caqueta,3,4,0.66,Nucleo 2
288,VVDa,Asociacion,Caqueta,4,4,0.55,Nucleo 2
289,LVCb,Asociacion,Caqueta,3,4,0.66,Nucleo 2
290,LVDb,Asociacion,Caqueta,2,4,0.48,Nucleo 2
291,LVEai,Asociacion,Caqueta,3,4,0.54,Nucleo 2
292,LVEai,Asociacion,Caqueta,3,4,0.54,Nucleo 2
293,LVEai,Asociacion,Caqueta,3,4,0.54,Nucleo 2
294,LVEai,Asociacion,Caqueta,3,4,0.54,Nucleo 2
295,LVEai,Asociacion,Caqueta,3,4,0.54,Nucleo 2
296,LVAd2,Asociacion,Caqueta,4,4,0.5,Nucleo 2
297,VUBa,Asociacion,Caqueta,3,4,0.66,Nucleo 2
298,MVDc,Asociacion,Caqueta,4,4,0.6,Nucleo 2
299,VVBai,Asociacion,Caqueta,2,4,0.24,Nucleo 2
300,VVBai,Asociacion,Caqueta,2,4,0.24,Nucleo 2
301,LVBai,Asociacion,Caqueta,2,4,0.48,Nucleo 2
302,LVBai,Asociacion,Caqueta,2,4,0.48,Nucleo 2
303,LVBai,Asociacion,Caqueta,2,4,0.48,Nucleo 2
304,LVBai,Asociacion,Caqueta,2,4,0.48,Nucleo 2
305,LVBai,Asociacion,Caqueta,2,4,0.48,Nucleo 2
306,LVBai,Asociacion,Caqueta,2,4,0.48,Nucleo 2
307,LVCb,Asociacion,Caqueta,3,4,0.66,Nucleo 2
308,LVBai,Asociacion,Caqueta,2,4,0.48,Nucleo 2
309,LVEai,Asociacion,Caqueta,3,4,0.54,Nucleo 2
310,VVDa,Asociacion,Caqueta,4,4,0.55,Nucleo 2
311,VVDa,Asociacion,Caqueta,4,4,0.55,Nucleo 2
312,LVBai,Asociacion,Caqueta,2,4,0.48,Nucleo 2
314,LVAc,Asociacion,Caqueta,4,4,0.5,Nucleo 2
315,LVAc,Asociacion,Caqueta,4,4,0.5,Nucleo 2
315,LVAc,Asociacion,Caqueta,4,4,0.5,Nucleo 2
315,LVAc,Asociacion,Caqueta,4,4,0.5,Nucleo 2
316,LVAd2,Asociacion,Caqueta,4,4,0.5,Nucleo 2
317,LVAc,Asociacion,Caqueta,4,4,0.5,Nucleo 2
318,LVAd2,Asociacion,Caqueta,4,4,0.5,Nucleo 2
321,MVEb,Asociacion,Caqueta,3,4,0.53,Nucleo 2
322,LVAc,Asociacion,Caqueta,4,4,0.5,Nucleo 2
322,LVAc,Asociacion,Caqueta,4,4,0.5,Nucleo 2
323,LVAc,Asociacion,Caqueta,4,4,0.5,Nucleo 2
324,LVCc,Asociacion,Caqueta,3,4,0.66,Nucleo 2
325,PVBa,Asociacion,Caqueta,4,4,0.41,Nucleo 2
326,VVCa,Asociacion,Caqueta,3,4,0.28,Nucleo 2
327,VVDa,Asociacion,Caqueta,4,4,0.55,Nucleo 2
328,PVBa,Asociacion,Caqueta,4,4,0.41,Nucleo 2
329,MVDc,Asociacion,Caqueta,4,4,0.6,Nucleo 2
330,MVDd,Asociacion,Caqueta,4,4,0.6,Nucleo 2
331,MVEa,Asociacion,Caqueta,3,4,0.53,Nucleo 2
332,VVCa,Asociacion,Caqueta,3,4,0.28,Nucleo 2
332,VVCa,Asociacion,Caqueta,3,4,0.28,Nucleo 2
332,VVCa,Asociacion,Caqueta,3,4,0.28,Nucleo 2
346,MVCd,Asociacion,Caqueta,3,4,0.47,Nucleo 2
347,PVCa,Asociacion,Caqueta,2,4,0.36,Nucleo 2
348,MVBf,Asociacion,Caqueta,3,4,0.64,Nucleo 2
349,MVAd,Asociacion,Caqueta,3,4,0.28,Nucleo 2
349,MVAd,Asociacion,Caqueta,3,4,0.28,Nucleo 2
349,MVAd,Asociacion,Caqueta,3,4,0.28,Nucleo 2
350,MVEb,Asociacion,Caqueta,3,4,0.53,Nucleo 2
353,MVAe,Asociacion,Caqueta,3,4,0.28,Nucleo 2
354,MPAd,Asociacion,Caqueta,3,4,0.48,Nucleo 2
355,MVAe2,Asociacion,Caqueta,3,4,0.28,Nucleo 2
356,MVEb,Asociacion,Caqueta,3,4,0.53,Nucleo 2
360,LVAd2,Asociacion,Caqueta,4,4,0.5,Nucleo 2
361,LVEai,Asociacion,Caqueta,3,4,0.54,Nucleo 2
362,MPAg,Asociacion,Caqueta,3,4,0.48,Nucleo 2
364,MVBf,Asociacion,Caqueta,3,4,0.64,Nucleo 2
365,LVAd2,Asociacion,Caqueta,4,4,0.5,Nucleo 2
366,LVAd2,Asociacion,Caqueta,4,4,0.5,Nucleo 2
367,LVAc,Asociacion,Caqueta,4,4,0.5,Nucleo 2
371,LVDb,Asociacion,Caqueta,2,4,0.48,Nucleo 2
372,LVCb,Asociacion,Caqueta,3,4,0.66,Nucleo 2
373,LVDb,Asociacion,Caqueta,2,4,0.48,Nucleo 2
374,LVCb,Asociacion,Caqueta,3,4,0.66,Nucleo 2
375,LVEai,Asociacion,Caqueta,3,4,0.54,Nucleo 2
376,LVEai,Asociacion,Caqueta,3,4,0.54,Nucleo 2
377,VVCa,Asociacion,Caqueta,3,4,0.28,Nucleo 2
378,VVCa,Asociacion,Caqueta,3,4,0.28,Nucleo 2
380,MVDd2,Asociacion,Caqueta,4,4,0.6,Nucleo 2
382,MVBd2,Asociacion,Caqueta,3,4,0.64,Nucleo 2
383,MVBe,Asociacion,Caqueta,3,4,0.64,Nucleo 2
384,MVDc,Asociacion,Caqueta,4,4,0.6,Nucleo 2
385,MVBd2,Asociacion,Caqueta,3,4,0.64,Nucleo 2
386,MVBd2,Asociacion,Caqueta,3,4,0.64,Nucleo 2
387,MVDd,Asociacion,Caqueta,4,4,0.6,Nucleo 2
388,MVBd,Asociacion,Caqueta,3,4,0.64,Nucleo 2
389,MPAf,Asociacion,Caqueta,3,4,0.48,Nucleo 2
390,MVBf,Asociacion,Caqueta,3,4,0.64,Nucleo 2
392,MPAe,Asociacion,Caqueta,3,4,0.48,Nucleo 2
393,MVBf2,Asociacion,Caqueta,3,4,0.64,Nucleo 2
394,MVDd,Asociacion,Caqueta,4,4,0.6,Nucleo 2
395,MVEb,Asociacion,Caqueta,3,4,0.53,Nucleo 2
396,MPAd,Asociacion,Caqueta,3,4,0.48,Nucleo 2
399,MVAf,Asociacion,Caqueta,3,4,0.28,Nucleo 2
400,MKAf,Asociacion,Caqueta,3,4,0.54,Nucleo 2
401,MKAf,Asociacion,Caqueta,3,4,0.54,Nucleo 2
402,MPAf,Asociacion,Caqueta,3,4,0.48,Nucleo 2
406,LVBai,Asociacion,Caqueta,2,4,0.48,Nucleo 2
407,LVBai,Asociacion,Caqueta,2,4,0.48,Nucleo 2
408,LVBai,Asociacion,Caqueta,2,4,0.48,Nucleo 2
409,LVBai,Asociacion,Caqueta,2,4,0.48,Nucleo 2
410,LVEai,Asociacion,Caqueta,3,4,0.54,Nucleo 2
411,LVBai,Asociacion,Caqueta,2,4,0.48,Nucleo 2
412,LVBai,Asociacion,Caqueta,2,4,0.48,Nucleo 2
413,LVBai,Asociacion,Caqueta,2,4,0.48,Nucleo 2
414,LVBai,Asociacion,Caqueta,2,4,0.48,Nucleo 2
415,LVAd2,Asociacion,Caqueta,4,4,0.5,Nucleo 2
417,MVCf,Asociacion,Caqueta,3,4,0.47,Nucleo 2
421,LVAd2,Asociacion,Caqueta,4,4,0.5,Nucleo 2
422,PVEai,Asociacion,Caqueta,3,4,0.6,Nucleo 2
423,PVBa,Asociacion,Caqueta,4,4,0.41,Nucleo 2
424,PVDb,Asociacion,Caqueta,2,4,0.36,Nucleo 2
425,LVAc,Asociacion,Caqueta,4,4,0.5,Nucleo 2
425,LVAc,Asociacion,Caqueta,4,4,0.5,Nucleo 2
425,LVAc,Asociacion,Caqueta,4,4,0.5,Nucleo 2
426,PVEai,Asociacion,Caqueta,3,4,0.6,Nucleo 2
427,LVEb,Asociacion,Caqueta,3,4,0.54,Nucleo 2
428,LVAc,Asociacion,Caqueta,4,4,0.5,Nucleo 2
429,LVAc,Asociacion,Caqueta,4,4,0.5,Nucleo 2
432,MPAe,Asociacion,Caqueta,3,4,0.48,Nucleo 2
433,LVAb,Asociacion,Caqueta,4,4,0.5,Nucleo 2
434,MPAc,Asociacion,Caqueta,3,4,0.48,Nucleo 2
443,VVDa,Asociacion,Caqueta,4,4,0.55,Nucleo 2
444,VVDa,Asociacion,Caqueta,4,4,0.55,Nucleo 2
444,VVDa,Asociacion,Caqueta,4,4,0.55,Nucleo 2
445,MVCe,Asociacion,Caqueta,3,4,0.47,Nucleo 2
446,MVAf2,Asociacion,Caqueta,3,4,0.28,Nucleo 2
447,MVAf2,Asociacion,Caqueta,3,4,0.28,Nucleo 2
448,VVCa,Asociacion,Caqueta,3,4,0.28,Nucleo 2
449,LVAd2,Asociacion,Caqueta,4,4,0.5,Nucleo 2
451,MUBf,Asociacion,Caqueta,3,4,0.58,Nucleo 2
452,MUBf,Asociacion,Caqueta,3,4,0.58,Nucleo 2
453,MUBg,Asociacion,Caqueta,3,4,0.58,Nucleo 2
454,MUAg,Asociacion,Caqueta,2,4,0.48,Nucleo 2
455,PUAa,Asociacion,Caqueta,2,4,0.5,Nucleo 2
456,PVBa,Asociacion,Caqueta,4,4,0.41,Nucleo 2
457,VUCa,Asociacion,Caqueta,2,4,0.48,Nucleo 2
458,MVCf,Asociacion,Caqueta,3,4,0.47,Nucleo 2
459,LVDb,Asociacion,Caqueta,2,4,0.48,Nucleo 2
460,LVCb,Asociacion,Caqueta,3,4,0.66,Nucleo 2
461,LVCb,Asociacion,Caqueta,3,4,0.66,Nucleo 2
462,MPAf,Asociacion,Caqueta,3,4,0.48,Nucleo 2
465,LVAd2,Asociacion,Caqueta,4,4,0.5,Nucleo 2
467,LVAc,Asociacion,Caqueta,4,4,0.5,Nucleo 2
468,LVCa,Asociacion,Caqueta,3,4,0.66,Nucleo 2
469,LVAd2,Asociacion,Caqueta,4,4,0.5,Nucleo 2
474,LVAd2,Asociacion,Caqueta,4,4,0.5,Nucleo 2
475,LVAc,Asociacion,Caqueta,4,4,0.5,Nucleo 2
476,PVDb,Asociacion,Caqueta,2,4,0.36,Nucleo 2
477,LVCc,Asociacion,Caqueta,3,4,0.66,Nucleo 2
478,MVDd2,Asociacion,Caqueta,4,4,0.6,Nucleo 2
479,LVAd2,Asociacion,Caqueta,4,4,0.5,Nucleo 2
480,MVDc,Asociacion,Caqueta,4,4,0.6,Nucleo 2
481,MVAf2,Asociacion,Caqueta,3,4,0.28,Nucleo 2
482,MVAf,Asociacion,Caqueta,3,4,0.28,Nucleo 2
483,MVBf,Asociacion,Caqueta,3,4,0.64,Nucleo 2
485,MVBd,Asociacion,Caqueta,3,4,0.64,Nucleo 2
486,LVAc,Asociacion,Caqueta,4,4,0.5,Nucleo 2
487,MVDd,Asociacion,Caqueta,4,4,0.6,Nucleo 2
489,MVDd,Asociacion,Caqueta,4,4,0.6,Nucleo 2
491,MVAf,Asociacion,Caqueta,3,4,0.28,Nucleo 2
492,MVDc,Asociacion,Caqueta,4,4,0.6,Nucleo 2
493,MVDd,Asociacion,Caqueta,4,4,0.6,Nucleo 2
494,MVDc,Asociacion,Caqueta,4,4,0.6,Nucleo 2
495,MVBg,Asociacion,Caqueta,3,4,0.64,Nucleo 2
496,MVBd,Asociacion,Caqueta,3,4,0.64,Nucleo 2
497,MVDd,Asociacion,Caqueta,4,4,0.6,Nucleo 2
498,MPAf,Asociacion,Caqueta,3,4,0.48,Nucleo 2
499,MVBg,Asociacion,Caqueta,3,4,0.64,Nucleo 2
500,MVAf,Asociacion,Caqueta,3,4,0.28,Nucleo 2
501,LVCb,Asociacion,Caqueta,3,4,0.66,Nucleo 2
505,PVBa,Asociacion,Caqueta,4,4,0.41,Nucleo 2
506,LVAd2,Asociacion,Caqueta,4,4,0.5,Nucleo 2
507,LVEai,Asociacion,Caqueta,3,4,0.54,Nucleo 2
507,LVEai,Asociacion,Caqueta,3,4,0.54,Nucleo 2
508,PVEai,Asociacion,Caqueta,3,4,0.6,Nucleo 2
509,PVBa,Asociacion,Caqueta,4,4,0.41,Nucleo 2
510,MVDd,Asociacion,Caqueta,4,4,0.6,Nucleo 2
511,MVEb,Asociacion,Caqueta,3,4,0.53,Nucleo 2
512,MVDc,Asociacion,Caqueta,4,4,0.6,Nucleo 2
513,MVDc,Asociacion,Caqueta,4,4,0.6,Nucleo 2
514,MVDc,Asociacion,Caqueta,4,4,0.6,Nucleo 2
515,PVAa,Asociacion,Caqueta,3,4,0.66,Nucleo 2
517,MVCf,Asociacion,Caqueta,3,4,0.47,Nucleo 2
522,MPAd,Asociacion,Caqueta,3,4,0.48,Nucleo 2
523,MPAd,Asociacion,Caqueta,3,4,0.48,Nucleo 2
524,MUBc,Asociacion,Caqueta,3,4,0.58,Nucleo 2
525,LUAc,Asociacion,Caqueta,3,4,0.54,Nucleo 2
527,LVCa,Asociacion,Caqueta,3,4,0.66,Nucleo 2
531,LVAd2,Asociacion,Caqueta,4,4,0.5,Nucleo 2
532,MPAf2,Asociacion,Caqueta,3,4,0.48,Nucleo 2
534,MVDd,Asociacion,Caqueta,4,4,0.6,Nucleo 2
536,MKCb,Asociacion,Caqueta,4,4,0.405,Nucleo 2
537,MVCg,Asociacion,Caqueta,3,4,0.47,Nucleo 2
538,MVDd,Asociacion,Caqueta,4,4,0.6,Nucleo 2
539,VVCa,Asociacion,Caqueta,3,4,0.28,Nucleo 2
540,VVCa,Asociacion,Caqueta,3,4,0.28,Nucleo 2
541,PVAc,Asociacion,Caqueta,3,4,0.66,Nucleo 2
542,LVEai,Asociacion,Caqueta,3,4,0.54,Nucleo 2
543,VVCa,Asociacion,Caqueta,3,4,0.28,Nucleo 2
544,VVCa,Asociacion,Caqueta,3,4,0.28,Nucleo 2
555,VVCa,Asociacion,Caqueta,3,4,0.28,Nucleo 2
557,VVDa,Asociacion,Caqueta,4,4,0.55,Nucleo 2
558,LVAc,Asociacion,Caqueta,4,4,0.5,Nucleo 2
559,LVEai,Asociacion,Caqueta,3,4,0.54,Nucleo 2
559,LVEai,Asociacion,Caqueta,3,4,0.54,Nucleo 2
559,LVEai,Asociacion,Caqueta,3,4,0.54,Nucleo 2
559,LVEai,Asociacion,Caqueta,3,4,0.54,Nucleo 2
560,LVCc,Asociacion,Caqueta,3,4,0.66,Nucleo 2
561,VVCb,Asociacion,Caqueta,3,4,0.28,Nucleo 2
562,LVAc,Asociacion,Caqueta,4,4,0.5,Nucleo 2
563,LVAc,Asociacion,Caqueta,4,4,0.5,Nucleo 2
564,LVAc,Asociacion,Caqueta,4,4,0.5,Nucleo 2
565,LVEb,Asociacion,Caqueta,3,4,0.54,Nucleo 2
566,LVCc,Asociacion,Caqueta,3,4,0.66,Nucleo 2
567,LVAc,Asociacion,Caqueta,4,4,0.5,Nucleo 2
568,PVBc,Asociacion,Caqueta,4,4,0.41,Nucleo 2
569,LVAe2,Asociacion,Caqueta,4,4,0.5,Nucleo 2
570,LVAd2,Asociacion,Caqueta,4,4,0.5,Nucleo 2
571,VVCa,Asociacion,Caqueta,3,4,0.28,Nucleo 2
572,MVDc,Asociacion,Caqueta,4,4,0.6,Nucleo 2
573,LVAd2,Asociacion,Caqueta,4,4,0.5,Nucleo 2
574,VVDa,Asociacion,Caqueta,4,4,0.55,Nucleo 2
575,VVCa,Asociacion,Caqueta,3,4,0.28,Nucleo 2
576,LUAe2,Asociacion,Caqueta,3,4,0.54,Nucleo 2
577,LVAd2,Asociacion,Caqueta,4,4,0.5,Nucleo 2
578,LUBai,Asociacion,Caqueta,3,4,0.615,Nucleo 2
579,PVBa,Asociacion,Caqueta,4,4,0.41,Nucleo 2
580,VVCa,Asociacion,Caqueta,3,4,0.28,Nucleo 2
583,LUAe2,Asociacion,Caqueta,3,4,0.54,Nucleo 2
584,LUAc,Asociacion,Caqueta,3,4,0.54,Nucleo 2
585,LUAc,Asociacion,Caqueta,3,4,0.54,Nucleo 2
587,VVCa,Asociacion,Caqueta,3,4,0.28,Nucleo 2
588,MKBai,Asociacion,Caqueta,3,4,0.48,Nucleo 2
589,LVCb,Asociacion,Caqueta,3,4,0.66,Nucleo 2
590,LVAe2,Asociacion,Caqueta,4,4,0.5,Nucleo 2
591,PVCa,Asociacion,Caqueta,2,4,0.36,Nucleo 2
592,LVEai,Asociacion,Caqueta,3,4,0.54,Nucleo 2
592,LVEai,Asociacion,Caqueta,3,4,0.54,Nucleo 2
593,LVEai,Asociacion,Caqueta,3,4,0.54,Nucleo 2
594,LVCb,Asociacion,Caqueta,3,4,0.66,Nucleo 2
594,LVCb,Asociacion,Caqueta,3,4,0.66,Nucleo 2
594,LVCb,Asociacion,Caqueta,3,4,0.66,Nucleo 2
595,MVAg,Asociacion,Caqueta,3,4,0.28,Nucleo 2
596,MUCai,Asociacion,Caqueta,2,4,0.36,Nucleo 2
597,MUBe,Asociacion,Caqueta,3,4,0.58,Nucleo 2
598,LUAc2,Asociacion,Caqueta,3,4,0.54,Nucleo 2
599,MKAf,Asociacion,Caqueta,3,4,0.54,Nucleo 2
601,LVAd,Asociacion,Caqueta,4,4,0.5,Nucleo 2
619,VVBai,Asociacion,Caqueta,2,4,0.24,Nucleo 2
620,LVCa,Asociacion,Caqueta,3,4,0.66,Nucleo 2
622,MVAf,Asociacion,Caqueta,3,4,0.28,Nucleo 2
623,PVCa,Asociacion,Caqueta,2,4,0.36,Nucleo 2
624,MUCai,Asociacion,Caqueta,2,4,0.36,Nucleo 2
625,PVBa,Asociacion,Caqueta,4,4,0.41,Nucleo 2
626,LVAb,Asociacion,Caqueta,4,4,0.5,Nucleo 2
627,VVDa,Asociacion,Caqueta,4,4,0.55,Nucleo 2
628,LVAc,Asociacion,Caqueta,4,4,0.5,Nucleo 2
629,LVAc,Asociacion,Caqueta,4,4,0.5,Nucleo 2
630,LVAc,Asociacion,Caqueta,4,4,0.5,Nucleo 2
631,LVEai,Asociacion,Caqueta,3,4,0.54,Nucleo 2
631,LVEai,Asociacion,Caqueta,3,4,0.54,Nucleo 2
632,LVAc,Asociacion,Caqueta,4,4,0.5,Nucleo 2
633,LVAc,Asociacion,Caqueta,4,4,0.5,Nucleo 2
634,PVDc,Asociacion,Caqueta,2,4,0.36,Nucleo 2
635,PUCa,Asociacion,Caqueta,2,4,0.25,Nucleo 2
636,LUBb,Asociacion,Caqueta,3,4,0.615,Nucleo 2
637,PUAa,Asociacion,Caqueta,2,4,0.5,Nucleo 2
638,PUAa,Asociacion,Caqueta,2,4,0.5,Nucleo 2
639,MUCb,Asociacion,Caqueta,2,4,0.36,Nucleo 2
640,PUAb,Asociacion,Caqueta,2,4,0.5,Nucleo 2
641,VUCa,Asociacion,Caqueta,2,4,0.48,Nucleo 2
642,VUBa,Asociacion,Caqueta,3,4,0.66,Nucleo 2
655,LVAd2,Asociacion,Caqueta,4,4,0.5,Nucleo 2
656,PVBc,Asociacion,Caqueta,4,4,0.41,Nucleo 2
657,PVAc,Asociacion,Caqueta,3,4,0.66,Nucleo 2
684,LVDe,Asociacion,Caqueta,2,4,0.48,Nucleo 2
685,LVCc,Asociacion,Caqueta,3,4,0.66,Nucleo 2
686,LVAd,Asociacion,Caqueta,4,4,0.5,Nucleo 2
687,LVEai,Asociacion,Caqueta,3,4,0.54,Nucleo 2
695,MVBe,Asociacion,Caqueta,3,4,0.64,Nucleo 2
696,MVBf,Asociacion,Caqueta,3,4,0.64,Nucleo 2
697,MVBf,Asociacion,Caqueta,3,4,0.64,Nucleo 2
698,LVEai,Asociacion,Caqueta,3,4,0.54,Nucleo 2
700,LVCb,Asociacion,Caqueta,3,4,0.66,Nucleo 2
701,LVEai,Asociacion,Caqueta,3,4,0.54,Nucleo 2
702,LVAc,Asociacion,Caqueta,4,4,0.5,Nucleo 2
704,VVCa,Asociacion,Caqueta,3,4,0.28,Nucleo 2
705,PVEai,Asociacion,Caqueta,3,4,0.6,Nucleo 2
706,VVCa,Asociacion,Caqueta,3,4,0.28,Nucleo 2
709,LVAd2,Asociacion,Caqueta,4,4,0.5,Nucleo 2
710,LVCa,Asociacion,Caqueta,3,4,0.66,Nucleo 2
711,LVEai,Asociacion,Caqueta,3,4,0.54,Nucleo 2
712,VVCa,Asociacion,Caqueta,3,4,0.28,Nucleo 2
713,VVCa,Asociacion,Caqueta,3,4,0.28,Nucleo 2
716,LVAc,Asociacion,Caqueta,4,4,0.5,Nucleo 2
729,LVDb,Asociacion,Caqueta,2,4,0.48,Nucleo 2
730,MPAe,Asociacion,Caqueta,3,4,0.48,Nucleo 2
735,LVCb,Asociacion,Caqueta,3,4,0.66,Nucleo 2
745,VVCa,Asociacion,Caqueta,3,4,0.28,Nucleo 2
746,LVEai,Asociacion,Caqueta,3,4,0.54,Nucleo 2
747,LVEai,Asociacion,Caqueta,3,4,0.54,Nucleo 2
748,LVEai,Asociacion,Caqueta,3,4,0.54,Nucleo 2
749,LVEai,Asociacion,Caqueta,3,4,0.54,Nucleo 2
750,LVEai,Asociacion,Caqueta,3,4,0.54,Nucleo 2
751,LVEai,Asociacion,Caqueta,3,4,0.54,Nucleo 2
752,LVEai,Asociacion,Caqueta,3,4,0.54,Nucleo 2
753,LVEai,Asociacion,Caqueta,3,4,0.54,Nucleo 2
754,LVEai,Asociacion,Caqueta,3,4,0.54,Nucleo 2
755,LVEai,Asociacion,Caqueta,3,4,0.54,Nucleo 2
756,LVEai,Asociacion,Caqueta,3,4,0.54,Nucleo 2
757,LVEai,Asociacion,Caqueta,3,4,0.54,Nucleo 2
758,LVEai,Asociacion,Caqueta,3,4,0.54,Nucleo 2
759,LVAc,Asociacion,Caqueta,4,4,0.5,Nucleo 2
760,LVEai,Asociacion,Caqueta,3,4,0.54,Nucleo 2
762,LVEai,Asociacion,Caqueta,3,4,0.54,Nucleo 2
763,LVEai,Asociacion,Caqueta,3,4,0.54,Nucleo 2
764,LVEai,Asociacion,Caqueta,3,4,0.54,Nucleo 2
765,LVEai,Asociacion,Caqueta,3,4,0.54,Nucleo 2
766,LVAd2,Asociacion,Caqueta,4,4,0.5,Nucleo 2
768,LVCa,Asociacion,Caqueta,3,4,0.66,Nucleo 2
770,LVCa,Asociacion,Caqueta,3,4,0.66,Nucleo 2
771,LVDb,Asociacion,Caqueta,2,4,0.48,Nucleo 2
772,LVEai,Asociacion,Caqueta,3,4,0.54,Nucleo 2
773,LVDb,Asociacion,Caqueta,2,4,0.48,Nucleo 2
774,LVAc,Asociacion,Caqueta,4,4,0.5,Nucleo 2
775,LVCb,Asociacion,Caqueta,3,4,0.66,Nucleo 2
776,LVEai,Asociacion,Caqueta,3,4,0.54,Nucleo 2
777,LVAc,Asociacion,Caqueta,4,4,0.5,Nucleo 2
778,LVCb,Asociacion,Caqueta,3,4,0.66,Nucleo 2
779,LVCb,Asociacion,Caqueta,3,4,0.66,Nucleo 2
780,LVCb,Asociacion,Caqueta,3,4,0.66,Nucleo 2
781,LVDb,Asociacion,Caqueta,2,4,0.48,Nucleo 2
782,LVEai,Asociacion,Caqueta,3,4,0.54,Nucleo 2
783,LVEai,Asociacion,Caqueta,3,4,0.54,Nucleo 2
784,VVDa,Asociacion,Caqueta,4,4,0.55,Nucleo 2
785,LVEai,Asociacion,Caqueta,3,4,0.54,Nucleo 2
786,LVEai,Asociacion,Caqueta,3,4,0.54,Nucleo 2
787,LVCb,Asociacion,Caqueta,3,4,0.66,Nucleo 2
788,LVCb,Asociacion,Caqueta,3,4,0.66,Nucleo 2
789,LVCb,Asociacion,Caqueta,3,4,0.66,Nucleo 2
790,LVCb,Asociacion,Caqueta,3,4,0.66,Nucleo 2
791,LVCb,Asociacion,Caqueta,3,4,0.66,Nucleo 2
792,LVAb,Asociacion,Caqueta,4,4,0.5,Nucleo 2
793,LVCc,Asociacion,Caqueta,3,4,0.66,Nucleo 2
794,LVCc,Asociacion,Caqueta,3,4,0.66,Nucleo 2
795,LVCc,Asociacion,Caqueta,3,4,0.66,Nucleo 2
796,LVAc,Asociacion,Caqueta,4,4,0.5,Nucleo 2
797,VVCa,Asociacion,Caqueta,3,4,0.28,Nucleo 2
798,LVDc,Asociacion,Caqueta,2,4,0.48,Nucleo 2
799,LVCc,Asociacion,Caqueta,3,4,0.66,Nucleo 2
800,VVCa,Asociacion,Caqueta,3,4,0.28,Nucleo 2
803,LVEai,Asociacion,Caqueta,3,4,0.54,Nucleo 2
804,LVEai,Asociacion,Caqueta,3,4,0.54,Nucleo 2
805,LVCc2,Asociacion,Caqueta,3,4,0.66,Nucleo 2
806,LVEai,Asociacion,Caqueta,3,4,0.54,Nucleo 2
807,LVEai,Asociacion,Caqueta,3,4,0.54,Nucleo 2
809,LVEai,Asociacion,Caqueta,3,4,0.54,Nucleo 2
810,LVEai,Asociacion,Caqueta,3,4,0.54,Nucleo 2
811,LVEai,Asociacion,Caqueta,3,4,0.54,Nucleo 2
812,LVEai,Asociacion,Caqueta,3,4,0.54,Nucleo 2
813,LVEai,Asociacion,Caqueta,3,4,0.54,Nucleo 2
815,LVEai,Asociacion,Caqueta,3,4,0.54,Nucleo 2
816,LVEai,Asociacion,Caqueta,3,4,0.54,Nucleo 2
817,LVEai,Asociacion,Caqueta,3,4,0.54,Nucleo 2
818,LVEai,Asociacion,Caqueta,3,4,0.54,Nucleo 2
819,LVEai,Asociacion,Caqueta,3,4,0.54,Nucleo 2
820,LVEai,Asociacion,Caqueta,3,4,0.54,Nucleo 2
821,VVBai,Asociacion,Caqueta,2,4,0.24,Nucleo 2
822,VVBai,Asociacion,Caqueta,2,4,0.24,Nucleo 2
823,VVBai,Asociacion,Caqueta,2,4,0.24,Nucleo 2
824,VVBai,Asociacion,Caqueta,2,4,0.24,Nucleo 2
825,VVBai,Asociacion,Caqueta,2,4,0.24,Nucleo 2
826,VVBai,Asociacion,Caqueta,2,4,0.24,Nucleo 2
827,VVBai,Asociacion,Caqueta,2,4,0.24,Nucleo 2
828,LVEai,Asociacion,Caqueta,3,4,0.54,Nucleo 2
829,LVEai,Asociacion,Caqueta,3,4,0.54,Nucleo 2
830,LVEai,Asociacion,Caqueta,3,4,0.54,Nucleo 2
831,LVEai,Asociacion,Caqueta,3,4,0.54,Nucleo 2
832,LVEai,Asociacion,Caqueta,3,4,0.54,Nucleo 2
833,LVEai,Asociacion,Caqueta,3,4,0.54,Nucleo 2
834,LVEai,Asociacion,Caqueta,3,4,0.54,Nucleo 2
835,LVEai,Asociacion,Caqueta,3,4,0.54,Nucleo 2
836,VVCa,Asociacion,Caqueta,3,4,0.28,Nucleo 2
837,VVDa,Asociacion,Caqueta,4,4,0.55,Nucleo 2
838,VVCa,Asociacion,Caqueta,3,4,0.28,Nucleo 2
839,VVCa,Asociacion,Caqueta,3,4,0.28,Nucleo 2
842,VVCa,Asociacion,Caqueta,3,4,0.28,Nucleo 2
843,VVCa,Asociacion,Caqueta,3,4,0.28,Nucleo 2
844,VVBai,Asociacion,Caqueta,2,4,0.24,Nucleo 2
845,VVBai,Asociacion,Caqueta,2,4,0.24,Nucleo 2
846,VVCa,Asociacion,Caqueta,3,4,0.28,Nucleo 2
847,VVCa,Asociacion,Caqueta,3,4,0.28,Nucleo 2
848,VVCa,Asociacion,Caqueta,3,4,0.28,Nucleo 2
849,VVBai,Asociacion,Caqueta,2,4,0.24,Nucleo 2
850,VVCa,Asociacion,Caqueta,3,4,0.28,Nucleo 2
851,VVCa,Asociacion,Caqueta,3,4,0.28,Nucleo 2
852,VVBai,Asociacion,Caqueta,2,4,0.24,Nucleo 2
853,VVCa,Asociacion,Caqueta,3,4,0.28,Nucleo 2
855,VVBai,Asociacion,Caqueta,2,4,0.24,Nucleo 2
859,VVCa,Asociacion,Caqueta,3,4,0.28,Nucleo 2
860,LVCb,Asociacion,Caqueta,3,4,0.66,Nucleo 2
861,VVCa,Asociacion,Caqueta,3,4,0.28,Nucleo 2
865,LVEai,Asociacion,Caqueta,3,4,0.54,Nucleo 2
893,LVAc,Asociacion,Caqueta,4,4,0.5,Nucleo 2
894,LVDc,Asociacion,Caqueta,2,4,0.48,Nucleo 2
895,LVDb,Asociacion,Caqueta,2,4,0.48,Nucleo 2
899,LVAc,Asociacion,Caqueta,4,4,0.5,Nucleo 2
900,PVDb,Asociacion,Caqueta,2,4,0.36,Nucleo 2
901,LVEai,Asociacion,Caqueta,3,4,0.54,Nucleo 2
902,MUAe,Asociacion,Caqueta,2,4,0.48,Nucleo 2
904,VUBa,Asociacion,Caqueta,3,4,0.66,Nucleo 2
905,LVAe2,Asociacion,Caqueta,4,4,0.5,Nucleo 2
906,VVDa,Asociacion,Caqueta,4,4,0.55,Nucleo 2
907,LVAd2,Asociacion,Caqueta,4,4,0.5,Nucleo 2
908,LVCb,Asociacion,Caqueta,3,4,0.66,Nucleo 2
909,LVCb,Asociacion,Caqueta,3,4,0.66,Nucleo 2
910,LVEai,Asociacion,Caqueta,3,4,0.54,Nucleo 2
915,LVDd,Asociacion,Caqueta,2,4,0.48,Nucleo 2
923,MVDd,Asociacion,Caqueta,4,4,0.6,Nucleo 2
924,MVEb,Asociacion,Caqueta,3,4,0.53,Nucleo 2
926,VVAai,Asociacion,Caqueta,3,4,0.48,Nucleo 2
926,VVAai,Asociacion,Caqueta,3,4,0.48,Nucleo 2
926,VVAai,Asociacion,Caqueta,3,4,0.48,Nucleo 2
928,LVAd2,Asociacion,Caqueta,4,4,0.5,Nucleo 2
929,LVAd2,Asociacion,Caqueta,4,4,0.5,Nucleo 2
931,LVEai,Asociacion,Caqueta,3,4,0.54,Nucleo 2
932,LVAc,Asociacion,Caqueta,4,4,0.5,Nucleo 2
933,LVAd2,Asociacion,Caqueta,4,4,0.5,Nucleo 2
935,VVDa,Asociacion,Caqueta,4,4,0.55,Nucleo 2
936,MUCai,Asociacion,Caqueta,2,4,0.36,Nucleo 2
937,LVEai,Asociacion,Caqueta,3,4,0.54,Nucleo 2
938,LVAc,Asociacion,Caqueta,4,4,0.5,Nucleo 2
939,PVEai,Asociacion,Caqueta,3,4,0.6,Nucleo 2
940,PVEai,Asociacion,Caqueta,3,4,0.6,Nucleo 2
941,PVEai,Asociacion,Caqueta,3,4,0.6,Nucleo 2
943,LVDb,Asociacion,Caqueta,2,4,0.48,Nucleo 2
945,LVEai,Asociacion,Caqueta,3,4,0.54,Nucleo 2
948,LVEai,Asociacion,Caqueta,3,4,0.54,Nucleo 2
951,LVAc,Asociacion,Caqueta,4,4,0.5,Nucleo 2
954,LVAc,Asociacion,Caqueta,4,4,0.5,Nucleo 2
955,LVAc,Asociacion,Caqueta,4,4,0.5,Nucleo 2
956,LVCb,Asociacion,Caqueta,3,4,0.66,Nucleo 2
957,LVCc,Asociacion,Caqueta,3,4,0.66,Nucleo 2
971,VUBa,Asociacion,Caqueta,3,4,0.66,Nucleo 2
972,VVCa,Asociacion,Caqueta,3,4,0.28,Nucleo 2
991,VVCa,Asociacion,Caqueta,3,4,0.28,Nucleo 2
992,VVCa,Asociacion,Caqueta,3,4,0.28,Nucleo 2
993,LUAc,Asociacion,Caqueta,3,4,0.54,Nucleo 2
994,VUCa,Asociacion,Caqueta,2,4,0.48,Nucleo 2
995,VUBa,Asociacion,Caqueta,3,4,0.66,Nucleo 2
1008,LUAc,Asociacion,Caqueta,3,4,0.54,Nucleo 2
1009,LUAc,Asociacion,Caqueta,3,4,0.54,Nucleo 2
1010,LVAe2,Asociacion,Caqueta,4,4,0.5,Nucleo 2
1012,LVBai,Asociacion,Caqueta,2,4,0.48,Nucleo 2
1016,MKAg,Asociacion,Caqueta,3,4,0.54,Nucleo 2
1022,VVCa,Asociacion,Caqueta,3,4,0.28,Nucleo 2
1023,LUAc,Asociacion,Caqueta,3,4,0.54,Nucleo 2
1030,LVCb,Asociacion,Caqueta,3,4,0.66,Nucleo 2
1032,VVDa,Asociacion,Caqueta,4,4,0.55,Nucleo 2
1033,LVAd2,Asociacion,Caqueta,4,4,0.5,Nucleo 2
1037,LUAd2,Asociacion,Caqueta,3,4,0.54,Nucleo 2
1038,LVEai,Asociacion,Caqueta,3,4,0.54,Nucleo 2
1064,LVDc,Asociacion,Caqueta,2,4,0.48,Nucleo 2
1065,VVCa,Asociacion,Caqueta,3,4,0.28,Nucleo 2
1066,LUBai,Asociacion,Caqueta,3,4,0.615,Nucleo 2
1067,LVBai,Asociacion,Caqueta,2,4,0.48,Nucleo 2
1068,LUBai,Asociacion,Caqueta,3,4,0.615,Nucleo 2
1069,MVCg,Asociacion,Caqueta,3,4,0.47,Nucleo 2
1070,LVBai,Asociacion,Caqueta,2,4,0.48,Nucleo 2
1071,LVBai,Asociacion,Caqueta,2,4,0.48,Nucleo 2
1072,LVEai,Asociacion,Caqueta,3,4,0.54,Nucleo 2
1073,LVDe2,Asociacion,Caqueta,2,4,0.48,Nucleo 2
1074,LVDe2,Asociacion,Caqueta,2,4,0.48,Nucleo 2
1078,LVEai,Asociacion,Caqueta,3,4,0.54,Nucleo 2
1079,LVAd,Asociacion,Caqueta,4,4,0.5,Nucleo 2
1080,LVAd2,Asociacion,Caqueta,4,4,0.5,Nucleo 2
1082,LVBai,Asociacion,Caqueta,2,4,0.48,Nucleo 2
1083,LVBai,Asociacion,Caqueta,2,4,0.48,Nucleo 2
1084,LVBai,Asociacion,Caqueta,2,4,0.48,Nucleo 2
1085,LVBai,Asociacion,Caqueta,2,4,0.48,Nucleo 2
1088,LVBai,Asociacion,Caqueta,2,4,0.48,Nucleo 2
1089,MVBf2,Asociacion,Caqueta,3,4,0.64,Nucleo 2
1090,LVAe2,Asociacion,Caqueta,4,4,0.5,Nucleo 2
1091,LVAd2,Asociacion,Caqueta,4,4,0.5,Nucleo 2
1092,LVBai,Asociacion,Caqueta,2,4,0.48,Nucleo 2
1094,LVBai,Asociacion,Caqueta,2,4,0.48,Nucleo 2
1095,LVBai,Asociacion,Caqueta,2,4,0.48,Nucleo 2
1096,MVAd,Asociacion,Caqueta,3,4,0.28,Nucleo 2
1097,MPAc,Asociacion,Caqueta,3,4,0.48,Nucleo 2
1098,MPAc,Asociacion,Caqueta,3,4,0.48,Nucleo 2
1100,LVBai,Asociacion,Caqueta,2,4,0.48,Nucleo 2
1101,LVBai,Asociacion,Caqueta,2,4,0.48,Nucleo 2
1102,LVBai,Asociacion,Caqueta,2,4,0.48,Nucleo 2
1104,LVBai,Asociacion,Caqueta,2,4,0.48,Nucleo 2
1105,LVBai,Asociacion,Caqueta,2,4,0.48,Nucleo 2
1106,MVAd,Asociacion,Caqueta,3,4,0.28,Nucleo 2
1107,LVEai,Asociacion,Caqueta,3,4,0.54,Nucleo 2
1108,LVEai,Asociacion,Caqueta,3,4,0.54,Nucleo 2
1109,LVBai,Asociacion,Caqueta,2,4,0.48,Nucleo 2
1110,LVBai,Asociacion,Caqueta,2,4,0.48,Nucleo 2
1111,MPAc,Asociacion,Caqueta,3,4,0.48,Nucleo 2
1112,LVAc,Asociacion,Caqueta,4,4,0.5,Nucleo 2
1113,LVAc,Asociacion,Caqueta,4,4,0.5,Nucleo 2
1114,LVAc,Asociacion,Caqueta,4,4,0.5,Nucleo 2
1115,MVAc,Asociacion,Caqueta,3,4,0.28,Nucleo 2
1116,MVAc,Asociacion,Caqueta,3,4,0.28,Nucleo 2
1117,MVDf2,Asociacion,Caqueta,4,4,0.6,Nucleo 2
1118,MVDf2,Asociacion,Caqueta,4,4,0.6,Nucleo 2
1119,MVAg,Asociacion,Caqueta,3,4,0.28,Nucleo 2
1120,MVAg,Asociacion,Caqueta,3,4,0.28,Nucleo 2
1121,LVEai,Asociacion,Caqueta,3,4,0.54,Nucleo 2
1124,LVBai,Asociacion,Caqueta,2,4,0.48,Nucleo 2
1125,LVBai,Asociacion,Caqueta,2,4,0.48,Nucleo 2
1126,LVBai,Asociacion,Caqueta,2,4,0.48,Nucleo 2
1127,LVDb,Asociacion,Caqueta,2,4,0.48,Nucleo 2
1128,LVBai,Asociacion,Caqueta,2,4,0.48,Nucleo 2
1129,LVBai,Asociacion,Caqueta,2,4,0.48,Nucleo 2
1130,LVBai,Asociacion,Caqueta,2,4,0.48,Nucleo 2
1131,LVAc,Asociacion,Caqueta,4,4,0.5,Nucleo 2
1132,LVBai,Asociacion,Caqueta,2,4,0.48,Nucleo 2
1133,LVBai,Asociacion,Caqueta,2,4,0.48,Nucleo 2
1134,LVEai,Asociacion,Caqueta,3,4,0.54,Nucleo 2
1135,LVAd2,Asociacion,Caqueta,4,4,0.5,Nucleo 2
1136,LVBai,Asociacion,Caqueta,2,4,0.48,Nucleo 2
1137,LVBai,Asociacion,Caqueta,2,4,0.48,Nucleo 2
1140,LVBai,Asociacion,Caqueta,2,4,0.48,Nucleo 2
1141,LVBai,Asociacion,Caqueta,2,4,0.48,Nucleo 2
1142,LVBai,Asociacion,Caqueta,2,4,0.48,Nucleo 2
1143,LVBai,Asociacion,Caqueta,2,4,0.48,Nucleo 2
1144,LVBai,Asociacion,Caqueta,2,4,0.48,Nucleo 2
1145,LVBai,Asociacion,Caqueta,2,4,0.48,Nucleo 2
1146,LVBai,Asociacion,Caqueta,2,4,0.48,Nucleo 2
1147,LVBai,Asociacion,Caqueta,2,4,0.48,Nucleo 2
1150,LVBai,Asociacion,Caqueta,2,4,0.48,Nucleo 2
1154,LVBai,Asociacion,Caqueta,2,4,0.48,Nucleo 2
1155,LVBai,Asociacion,Caqueta,2,4,0.48,Nucleo 2
1156,LVBai,Asociacion,Caqueta,2,4,0.48,Nucleo 2
1157,LVBai,Asociacion,Caqueta,2,4,0.48,Nucleo 2
1163,LVBai,Asociacion,Caqueta,2,4,0.48,Nucleo 2
1164,LVBai,Asociacion,Caqueta,2,4,0.48,Nucleo 2
1165,LVAc,Asociacion,Caqueta,4,4,0.5,Nucleo 2
1166,LVBai,Asociacion,Caqueta,2,4,0.48,Nucleo 2
1167,LVEai,Asociacion,Caqueta,3,4,0.54,Nucleo 2
1168,LVBai,Asociacion,Caqueta,2,4,0.48,Nucleo 2
1169,LVBai,Asociacion,Caqueta,2,4,0.48,Nucleo 2
1170,LVBai,Asociacion,Caqueta,2,4,0.48,Nucleo 2
1171,LVBai,Asociacion,Caqueta,2,4,0.48,Nucleo 2
1172,LVBai,Asociacion,Caqueta,2,4,0.48,Nucleo 2
1173,LVBai,Asociacion,Caqueta,2,4,0.48,Nucleo 2
1174,LVEb,Asociacion,Caqueta,3,4,0.54,Nucleo 2
1175,PVEai,Asociacion,Caqueta,3,4,0.6,Nucleo 2
1176,LVAd2,Asociacion,Caqueta,4,4,0.5,Nucleo 2
1181,LVBai,Asociacion,Caqueta,2,4,0.48,Nucleo 2
1183,LVBai,Asociacion,Caqueta,2,4,0.48,Nucleo 2
1185,VVCb,Asociacion,Caqueta,3,4,0.28,Nucleo 2
1186,LVAd2,Asociacion,Caqueta,4,4,0.5,Nucleo 2
1187,VVBai,Asociacion,Caqueta,2,4,0.24,Nucleo 2
1188,LVBai,Asociacion,Caqueta,2,4,0.48,Nucleo 2
1189,LVBai,Asociacion,Caqueta,2,4,0.48,Nucleo 2
1190,LVBai,Asociacion,Caqueta,2,4,0.48,Nucleo 2
1191,LVBai,Asociacion,Caqueta,2,4,0.48,Nucleo 2
1192,LVCc,Asociacion,Caqueta,3,4,0.66,Nucleo 2
1193,LVAd,Asociacion,Caqueta,4,4,0.5,Nucleo 2
1195,VVBai,Asociacion,Caqueta,2,4,0.24,Nucleo 2
1196,LVBai,Asociacion,Caqueta,2,4,0.48,Nucleo 2
1197,LVBai,Asociacion,Caqueta,2,4,0.48,Nucleo 2
1198,LVBai,Asociacion,Caqueta,2,4,0.48,Nucleo 2
1199,LVBai,Asociacion,Caqueta,2,4,0.48,Nucleo 2
1200,LVBai,Asociacion,Caqueta,2,4,0.48,Nucleo 2
1201,LVEai,Asociacion,Caqueta,3,4,0.54,Nucleo 2
1202,LVAc,Asociacion,Caqueta,4,4,0.5,Nucleo 2
1203,LVBai,Asociacion,Caqueta,2,4,0.48,Nucleo 2
1204,LVBai,Asociacion,Caqueta,2,4,0.48,Nucleo 2
1207,LVAd2,Asociacion,Caqueta,4,4,0.5,Nucleo 2
1208,LVBai,Asociacion,Caqueta,2,4,0.48,Nucleo 2
1209,LVBai,Asociacion,Caqueta,2,4,0.48,Nucleo 2
1210,LVEai,Asociacion,Caqueta,3,4,0.54,Nucleo 2
1211,LVEai,Asociacion,Caqueta,3,4,0.54,Nucleo 2
1212,LVEai,Asociacion,Caqueta,3,4,0.54,Nucleo 2
1213,LVEai,Asociacion,Caqueta,3,4,0.54,Nucleo 2
1214,LVEai,Asociacion,Caqueta,3,4,0.54,Nucleo 2
1215,LVEai,Asociacion,Caqueta,3,4,0.54,Nucleo 2
1216,LVEai,Asociacion,Caqueta,3,4,0.54,Nucleo 2
1217,LVEai,Asociacion,Caqueta,3,4,0.54,Nucleo 2
1218,LVEai,Asociacion,Caqueta,3,4,0.54,Nucleo 2
1219,LVBai,Asociacion,Caqueta,2,4,0.48,Nucleo 2
1220,LVBai,Asociacion,Caqueta,2,4,0.48,Nucleo 2
1221,LVAc,Asociacion,Caqueta,4,4,0.5,Nucleo 2
1222,LVAc,Asociacion,Caqueta,4,4,0.5,Nucleo 2
1225,LVAc2,Asociacion,Caqueta,4,4,0.5,Nucleo 2
1235,MVBg,Asociacion,Caqueta,3,4,0.64,Nucleo 2
